0	0	0	0
-5.2846	-8.13758	2.41925	0
-5.7138	8.16045	-0.871503	0
4.72394	8.52199	-2.24945	0
9.91182	-0.519679	-1.21891	0
3.47725	-9.0585	-2.41916	0
-15.0193	6.85271	2.5487	0
-9.45915	17.4309	-1.04598	0
-10.456	-0.394529	-2.95083	0
-0.263879	15.6615	2.87459	0
-8.58347	-16.7311	-1.48825	0
-15.2101	-9.35622	2.41903	0
19.3661	1.66301	1.20031	0
16.1895	-8.27231	-1.9167	0
19.8135	-16.4121	2.6232	0
26.1835	-7.92331	-1.9167	0
10.2454	-16.1603	-0.352355	0
-20.3634	-1.43584	-2.07923	0
0.576659	-17.0275	2.88003	0
-30.3482	-1.95906	-2.25398	0
-25.6507	6.40287	1.17645	0
-24.4301	-10.5699	-1.90466	0
30.6784	-16.0327	1.82937	0
34.5596	-2.68943	-0.352315	0
-29.2342	15.7387	1.1765	0
-34.6866	8.15947	-2.73079	0
-20.281	13.7935	-2.8911	0
7.74869	21.2718	0.795531	0
-2.24124	24.9641	-0.215781	0
44.1168	-5.6114	-0.701259	0
30.5424	6.33362	-1.9166	0
40.9252	4.63345	-2.77174	0
21.9544	11.3222	1.20036	0
-37.7628	20.2735	-1.41189	0
-22.0802	22.6472	2.22183	0
-20.6917	32.5257	2.91944	0
-29.7559	28.8629	0.657268	0
-13.9344	26.6201	-2.00454	0
5.72794	30.3394	-2.97236	0
-3.91856	34.4766	2.37241	0
-36.401	35.9891	2.90681	0
-27.3395	37.8806	-2.92635	0
17.0301	23.076	-2.46035	0
51.538	1.07073	-1.22484	0
53.0683	-9.78557	0.863126	0
40.469	-14.205	2.88245	0
12.4895	-25.8802	0.345255	0
-18.5674	-18.5805	0.510995	0
-40.6897	44.0553	-1.16049	0
-43.6419	29.4693	0.657364	0
46.4789	-22.1805	2.35914	0
37.802	-21.9501	-2.85347	0
-52.7574	33.3386	2.0491	0
-49.9907	21.9032	2.22175	0
-6.75529	43.7557	-0.0467484	0
4.99154	39.0165	2.37246	0
-21.0992	-28.0287	2.59011	0
-28.4383	-18.9252	2.07534	0
-12.7121	-26.075	-2.57911	0
-2.93215	-25.9043	-0.499958	0
-11.807	-34.6878	2.42089	0
-38.4246	-18.9249	1.55203	0
-33.0492	-27.2432	-1.01503	0
-33.4261	-10.286	2.7729	0
60.6994	-16.1891	-0.00865325	0
60.3718	-2.975	1.38653	0
37.8009	13.218	1.29565	0
47.8174	10.0181	2.07637	0
-60.1787	40.0207	2.57245	0
-60.5405	27.2579	0.484535	0
-50.7165	42.9403	0.140793	0
-44.3194	12.731	-1.76084	0
14.4916	34.9991	-1.75366	0
9.99077	47.6754	2.19771	0
41.7308	-30.7743	-0.265251	0
30.3705	-28.6414	-2.8537	0
22.2311	-26.1092	2.9722	0
28.9868	18.3545	2.24568	0
-44.7025	-26.6775	0.854521	0
-45.0692	-12.2803	-1.86836	0
58.4836	8.26303	-1.05032	0
21.4117	42.1651	-2.62544	0
23.392	33.7481	2.63005	0
31.795	30.3528	-1.59632	0
31.359	39.7515	1.93253	0
-29.5521	-35.8992	2.56865	0
-38.4657	-35.584	-2.06026	0
27.9676	49.1953	0.130962	0
18.3333	51.6395	-1.75389	0
-26.509	-45.2653	0.831954	0
-21.0442	-36.9439	-2.58166	0
-46.832	-41.0171	-2.75777	0
-37.49	-44.8686	1.52342	0
22.4479	59.7147	2.47232	0
12.7492	59.9186	-2.27719	0
-11.9814	-44.6726	2.94425	0
-1.93597	-35.7255	1.20198	0
20.8497	-34.8299	-1.72269	0
63.452	-25.7886	0.514753	0
70.4918	-15.5044	1.89947	0
78.3419	-21.6376	1.02797	0
78.8761	-10.4666	-0.179853	0
69.975	-5.64106	0.335187	0
51.7129	-30.5565	0.794852	0
-52.5624	9.56682	2.93388	0
-45.0152	2.77963	-1.06323	0
-70.3511	28.1162	2.22102	0
-59.5181	17.53	2.56369	0
36.3706	54.0468	2.55018	0
-29.6402	47.1087	0.163854	0
-19.2604	43.7503	-2.40294	0
-54.7445	-46.5573	-0.16958	0
-53.4529	-36.0277	2.83417	0
-45.4506	-50.8459	-1.53904	0
14.6847	-41.9217	1.69751	0
27.5747	-41.5548	1.36751	0
-76.5543	20.9803	-1.0346	0
-76.2288	36.2065	2.22107	0
28.6098	-51.4033	2.75928	0
37.4759	-41.382	2.75924	0
-10.6531	52.9383	-0.744536	0
0.309042	50.3433	2.54144	0
27.4205	68.3275	1.42681	0
17.3259	68.2395	1.42709	0
-48.2467	-59.9911	1.38468	0
-38.2846	-57.7661	-0.667434	0
-51.9708	-3.70656	2.02697	0
-42.9286	-67.8757	-1.70569	0
-57.0641	-64.6793	0.861098	0
7.43521	69.2793	2.47242	0
15.0124	77.5185	-1.49683	0
46.9142	-39.0695	-2.34431	0
-86.3224	20.4684	1.04452	0
-70.1222	13.8367	1.72181	0
-79.9412	11.6748	-2.42627	0
-81.96	29.3046	-2.25324	0
67.3174	4.2173	1.56106	0
-54.0293	-23.2827	-0.364391	0
-20.2939	52.1676	2.89625	0
-61.0039	8.07836	-2.21644	0
21.3111	-55.1222	-2.97642	0
35.9721	-54.9943	-2.97664	0
27.9191	-61.2818	1.36761	0
-71.2081	4.99304	-2.81803	0
-62.5648	-0.773016	2.16728	0
62.229	17.5335	-1.22507	0
12.7046	-57.4282	1.56349	0
18.8951	-64.8118	-2.45306	0
-53.5123	52.0856	-2.78286	0
-24.4753	-54.833	2.91111	0
7.1	-33.9691	-2.70527	0
-1.25121	-45.5179	-0.706054	0
-62.4392	-39.2984	-0.0894827	0
-61.2243	-29.7345	2.83394	0
-64.2454	49.1548	2.74698	0
-68.3504	41.9075	-2.87387	0
-39.1445	53.8106	-2.72477	0
-63.6377	-20.0552	2.13616	0
-71.0184	-30.7638	1.09725	0
61.7065	27.5061	-1.74838	0
70.9539	22.3697	-1.92286	0
53.3377	19.9161	2.68227	0
-66.6197	-66.3642	-1.55806	0
-55.3288	-74.5214	1.21009	0
-60.2598	-55.3978	2.76923	0
-79.2202	-34.9428	-2.81	0
-76.2781	-22.3465	2.31594	0
-72.2355	-40.6757	1.62065	0
-73.3383	50.5467	-2.1763	0
-8.57313	-53.5514	-0.145858	0
55.5959	-43.4932	-0.0947976	0
44.6701	-48.7894	-1.64674	0
-69.0046	-55.2451	-2.07904	0
44.5425	-60.1439	-2.80207	0
-65.6393	57.9551	-1.7931	0
-57.638	-10.9603	-1.88027	0
43.7968	22.6521	1.46363	0
51.706	29.1702	-0.738129	0
-3.43529	-62.1022	0.551752	0
-13.5706	-61.8684	-2.56528	0
65.0136	-45.1538	2.82895	0
54.0335	-53.3565	0.428562	0
60.8805	-35.3556	2.32442	0
2.91462	61.6528	-2.80078	0
46.894	37.8512	0.480565	0
57.5695	37.2406	-1.43592	0
69.6917	33.5233	-1.57385	0
7.90476	-48.8506	-2.95577	0
-95.7404	21.7922	-2.04559	0
-91.6407	12.5839	-2.04585	0
-90.6393	29.3199	2.78104	0
-29.8121	56.9553	1.90034	0
1.52765	77.1189	0.564114	0
-2.49638	68.2355	2.99582	0
-61.1742	66.3523	1.2971	0
-71.5467	65.7948	0.115023	0
-86.042	38.0589	0.334985	0
69.8241	-52.0239	-2.61737	0
71.5134	-39.3015	-2.01908	0
-67.8966	-7.59742	-2.83266	0
-81.3327	1.77363	-2.60075	0
-94.9069	42.1929	-1.74407	0
-86.9086	47.9663	1.38031	0
55.4147	-63.1854	-0.79035	0
62.9348	-57.3197	2.67811	0
28.4267	-70.9715	-1.05182	0
37.1115	-65.1838	1.89101	0
42.72	46.8028	-1.08372	0
52.7147	45.8626	1.87234	0
72.8131	12.8051	0.32669	0
79.9296	22.8401	2.46088	0
-51.2776	66.6979	2.68883	0
-58.3043	75.7397	-0.611207	0
-99.7085	31.2476	-0.965219	0
-31.6586	-65.1253	-2.05938	0
-8.44496	76.5963	1.08747	0
-2.37015	86.3015	-0.133673	0
7.54588	85.1052	0.564163	0
-94.8469	3.27237	-0.309332	0
-100.302	13.8012	2.80224	0
-69.5323	-75.8909	-0.686458	0
-76.3212	-66.5335	0.86116	0
-13.5017	62.2563	1.50501	0
78.7147	34.9524	2.49351	0
72.7777	43.0208	-1.05045	0
-37.6934	-75.9377	1.05069	0
-94.5953	53.151	-2.36594	0
-81.1736	56.1565	1.55489	0
-46.9461	57.5953	2.36752	0
6.91167	-64.5819	-2.34376	0
-109.663	12.9822	-0.618153	0
-105.88	22.0713	2.10446	0
-104.368	4.66711	2.62777	0
-3.60914	-72.0627	-0.319752	0
85.9405	-3.87907	-2.76798	0
88.3121	-13.1725	1.72824	0
-78.0913	73.3235	-0.582765	0
-68.1686	75.076	1.67937	0
97.2658	-8.80558	2.59984	0
94.0023	-20.7238	-1.52738	0
87.995	27.8799	-0.629229	0
87.5852	16.416	2.11166	0
-98.566	60.9439	2.48215	0
-104.595	53.151	-2.36589	0
-88.7254	61.23	-2.88925	0
64.5076	48.5991	-0.352881	0
81.2439	48.1078	0.513899	0
76.9531	3.54346	-1.02707	0
95.4522	20.4244	-2.58323	0
86.1943	6.51934	2.4607	0
94.425	10.47	-2.11471	0
-79.9124	-46.4607	-1.13566	0
-37.3013	63.2924	-0.136549	0
-9.62735	-79.4945	2.604	0
4.05002	-78.4897	-0.494502	0
48.9285	-70.1409	2.29982	0
59.333	-71.5886	2.95572	0
64.9057	-65.5518	-2.86941	0
105.036	-15.098	2.42509	0
106.536	-5.06009	2.77436	0
95.4302	-0.168986	-2.09481	0
-83.9069	-7.83268	-1.55546	0
-75.2696	-3.88051	2.99118	0
-87.6786	70.7547	0.635929	0
-75.3855	82.7595	-2.4908	0
-85.0752	80.3076	-2.14705	0
-74.4304	91.8449	1.57659	0
-66.3991	85.5068	0.929433	0
-95.7195	76.3852	-1.2721	0
43.4968	60.6919	0.300731	0
33.9186	62.0669	-2.89637	0
-27.9352	66.3355	-1.87297	0
-41.3289	72.339	1.25522	0
15.4031	-73.9083	-0.203546	0
51.1467	67.111	-0.222852	0
52.1365	56.478	-2.45558	0
40.9337	70.2572	1.69246	0
73.2697	-30.079	2.76445	0
85.7178	-28.2792	-0.190941	0
24.4667	79.7011	0.922424	0
17.395	87.074	0.239691	0
32.9185	75.6234	-2.64049	0
-28.5569	-77.0595	-2.85656	0
-46.0585	-80.7673	-1.53744	0
-36.1408	-85.7409	-0.168225	0
87.7653	39.1728	1.96993	0
-11.2706	90.6426	-1.52562	0
0.151826	95.7132	-2.38312	0
-104.863	41.8453	-2.61585	0
-112.416	29.5897	1.23268	0
85.6037	57.0464	1.55923	0
73.8305	54.7828	1.21146	0
91.2134	48.4559	-0.183889	0
97.3066	31.0861	1.10725	0
-15.1776	-71.266	1.38508	0
-8.92988	-89.4687	2.42952	0
-16.1603	-84.5986	-2.98786	0
70.3606	-73.3425	0.220763	0
73.3149	-61.9823	1.19798	0
30.017	87.9296	-0.296214	0
103.663	5.17727	-0.186682	0
-47.2743	-90.6686	-0.839832	0
-55.2622	-84.674	-1.71192	0
-87.36	-30.7954	1.25737	0
-87.6956	-40.2387	-2.461	0
-22.739	-64.6812	2.91111	0
-17.6902	-50.4269	-2.96668	0
-43.7035	81.8637	-0.652809	0
-33.8747	78.8188	-0.309338	0
-60.8759	93.6951	-0.634854	0
-56.557	85.1629	2.66592	0
-82.8458	-74.0392	1.90649	0
-82.1561	-59.328	-2.8851	0
-103.713	69.5104	2.13293	0
-108.558	60.7695	2.83119	0
102.141	14.925	2.42522	0
110.294	12.2761	-2.7251	0
107.596	22.163	-1.8009	0
-89.8177	-62.7392	2.56131	0
-88.1569	-52.1762	0.69861	0
-26.4779	-86.841	-2.85679	0
81.2283	-56.233	-0.881075	0
80.881	-68.3311	-0.366305	0
-19.7469	71.8586	-0.308628	0
-113.066	47.1727	-0.536734	0
-85.3398	-18.1208	2.49051	0
-75.8248	-13.6981	-2.68399	0
0.415226	-87.4862	-2.91366	0
11.5204	-84.5391	2.2619	0
118.842	15.0535	1.65864	0
114.24	3.41206	-0.305843	0
116.312	-7.13797	2.42542	0
38.4775	-74.9045	-0.0172913	0
39.4916	-84.5543	-2.43672	0
30.8659	-80.8514	2.57093	0
-118.943	36.3492	-2.18772	0
-119.31	23.5963	-2.83462	0
104.095	37.1988	-2.9603	0
17.8077	-92.0322	0.182577	0
19.8723	-82.6109	-2.88865	0
6.98673	-93.437	2.78531	0
-89.7581	88.7558	0.441139	0
60.7211	59.6024	1.61181	0
9.25598	94.8037	2.30065	0
-6.00104	103.588	-2.03413	0
6.13709	103.656	-1.3378	0
-67.4325	101.238	-0.984074	0
-51.385	96.0614	1.4443	0
-57.6602	103.034	-2.19914	0
-3.75449	113.319	-1.51072	0
-13.991	108.018	2.03326	0
-3.81042	-96.5478	-2.73914	0
-16.1472	-95.7426	-0.494131	0
42.1109	79.5253	-2.11713	0
32.536	-91.0405	0.653483	0
48.1293	-81.5801	1.63065	0
45.3555	-92.336	-0.187171	0
96.4322	56.8075	1.55263	0
101.053	47.5949	-1.74845	0
-91.5342	-76.8623	-2.16081	0
-79.924	-83.0317	-1.34913	0
-97.6676	-70.5109	2.5339	0
-90.1165	-85.8138	2.06537	0
-99.0802	-83.4218	-1.98629	0
-16.5542	81.0916	-2.65853	0
78.7812	-47.1	2.37461	0
90.4988	-56.0712	2.86499	0
87.2505	-48.5251	-2.96013	0
-113.449	68.0205	-2.01683	0
-117.128	56.7737	-0.424684	0
-63.481	-89.2297	1.70829	0
-56.2997	-94.5451	-2.93055	0
-93.0685	-11.8619	1.44528	0
-94.4707	-21.81	0.754091	0
-98.0364	-58.1835	-0.859088	0
89.2653	-73.3691	1.71281	0
81.2257	-78.202	-1.93059	0
89.6354	-64.249	-2.95443	0
64.2473	-80.6279	-2.86961	0
72.3592	-82.745	2.97717	0
95.5646	-30.5871	-1.00397	0
103.337	-24.307	-1.70185	0
55.9629	-87.0653	-1.293	0
-84.3468	-93.7554	0.157067	0
-95.4347	-93.4087	-1.68089	0
-100.332	-4.56121	2.61442	0
17.0519	98.9488	-2.39425	0
-122.719	71.7662	-2.19131	0
-113.623	77.9642	-0.971549	0
12.9603	-101.083	0.365884	0
3.07943	-102.642	2.78536	0
81.0515	-88.1761	-1.23303	0
89.7764	-83.34	-2.62838	0
-12.1296	118.758	-2.03403	0
5.33725	117.178	0.0536615	0
-3.05945	123.256	-2.38223	0
100.149	-55.0569	0.445565	0
-23.1257	87.4376	1.40884	0
102.704	-37.4821	0.214719	0
90.962	-38.5589	2.90336	0
112.184	31.3219	-2.78573	0
110.936	43.3582	0.947036	0
69.8134	63.8058	2.77585	0
78.3256	62.8921	-2.53479	0
-95.7752	-45.7834	1.74394	0
-103.559	-41.2893	-2.63971	0
-104.314	-50.9142	2.61554	0
-96.4724	-35.8139	2.09293	0
-52.8151	111.775	-1.85015	0
-62.3281	111.119	1.38454	0
-125.503	62.2126	-0.948267	0
-124.582	50.2938	1.1397	0
80.8122	-36.6356	2.41551	0
-23.688	105.6	1.68432	0
-16.4248	99.5303	-2.66163	0
-20.4031	115.66	2.73087	0
-30.2485	113.147	1.68437	0
-31.2997	99.653	-0.903811	0
-107.003	-74.0945	2.5339	0
-104.9	-65.4463	-2.16075	0
-103.624	-29.8128	-1.49068	0
-116.492	87.3516	0.936579	0
-105.317	83.3576	-2.36322	0
128.636	16.7804	0.613407	0
124.569	8.22796	-2.88145	0
121.583	24.6135	2.70392	0
-99.4476	91.4366	-1.83982	0
-74.9612	107.782	-0.286509	0
-112.195	-56.0321	-0.804857	0
-111.857	-44.3576	2.96453	0
96.8788	-45.6105	-1.00414	0
-129.073	24.6226	-0.926495	0
-120.225	14.898	2.01347	0
-83.7074	112.63	-0.286509	0
-71.1257	116.818	-2.19481	0
-82.9691	102.381	2.30171	0
-103.037	-16.6627	1.10309	0
127.471	32.1492	-0.219733	0
74.4953	-94.7322	2.51304	0
87.2491	-95.8295	0.503493	0
106.606	-47.1511	-2.74056	0
113.227	-20.8339	2.42509	0
-69.9079	-96.8889	1.88281	0
135.302	9.37724	-0.258097	0
134.284	24.8475	-1.12329	0
9.33816	-110.371	1.74013	0
-0.417829	-111.298	-0.798255	0
-6.76715	-104.378	2.95993	0
98.7527	-70.2865	2.41042	0
65.6427	-89.9474	1.24047	0
19.1376	107.983	1.35182	0
26.8984	98.7767	-0.657765	0
-112.949	-16.1432	-0.115826	0
-108.803	-6.36179	-2.38552	0
-117.214	-64.384	1.44469	0
-119.986	-50.5769	2.28534	0
-107.676	-88.3845	-0.767595	0
110.923	-55.625	0.349638	0
116.042	-44.4454	-0.832472	0
-114.247	3.97634	1.23609	0
103.327	62.8009	-2.51467	0
91.2476	64.4943	-2.19337	0
-135.434	61.6922	-1.99377	0
-131.17	69.4663	2.95904	0
15.0458	118.37	2.13281	0
7.39612	126.864	1.44539	0
119.303	48.7912	1.64465	0
110.936	52.8133	-2.30884	0
118.995	37.5025	1.81859	0
-34.6054	-95.4364	1.73986	0
144.087	22.9418	-0.599929	0
140.171	32.6592	0.955864	0
-118.626	-4.8058	-1.34019	0
-27.8804	-102.161	-1.35024	0
-39.9014	-103.912	1.39064	0
127.693	-0.356542	1.18594	0
96.1341	-92.7702	-2.91664	0
81.4997	-103.743	2.58265	0
92.2216	-104.442	1.54878	0
-25.9734	-111.972	-1.69919	0
-18.6561	-105.519	0.557886	0
-54.3181	-102.493	2.80521	0
-62.593	-102.317	-2.93055	0
-28.363	-121.555	-0.134841	0
-17.4448	-116.896	0.0372966	1
-35.943	-112.32	-2.3967	0
28.9183	109.358	-0.212468	0
123.129	-19.4424	2.25034	0
114.41	-30.4645	0.00593036	1
60.4241	-98.299	2.97699	0
-88.1913	121.431	-1.8508	0
-92.1763	107.338	0.236897	0
-79.0471	121.038	2.4699	0
101.588	-85.5321	1.30954	0
104.604	-96.1924	1.15075	0
127.635	42.4903	1.12108	0
-46.1053	103.602	-2.4632	0
-42.0671	93.9101	-1.47935	0
-27.4937	-131.493	-0.832628	0
-37.799	-123.389	2.62157	0
-112.129	-36.1397	-2.81446	0
-144.005	66.8418	-2.16852	0
-140.81	53.7229	0.762634	0
-127.559	79.821	1.22889	0
80.882	72.4324	-0.970409	0
-126.88	-65.2297	-0.974469	0
-120.445	-73.7687	2.66338	0
113.296	63.149	-1.8171	0
104.024	72.7628	-1.99126	0
144.866	7.16903	1.65003	0
137.181	-0.289909	-1.99452	0
-93.0248	-103.075	-0.809329	0
-102.936	-98.8585	2.06518	0
61.0448	68.8686	-2.13419	1
-45.6363	-112.102	1.21617	0
-15.1493	127.055	2.6607	0
24.2684	-99.4648	1.91906	0
-43.9104	116.312	-2.19909	0
-53.8577	121.696	-1.15254	0
-38.4729	-133.025	0.0331697	0
-46.1968	-122.209	-2.67779	0
-52.4057	-129.608	-0.0895697	0
-54.4555	-116.638	-1.80619	0
-123.634	5.80108	-1.68782	0
120.046	-59.6869	0.873044	0
109.072	-65.1497	2.76886	0
-128.491	-79.6143	1.61788	0
-119.245	-83.5434	0.926959	0
-137.612	19.4918	-0.0548939	0
-131.373	33.8507	2.1637	0
-129.073	14.7745	-2.66292	0
-78.0997	130.051	-1.75647	0
-70.0646	125.419	2.81889	0
-140.284	29.3108	2.1637	0
-131.874	43.4006	-0.75995	0
-146.033	36.4105	-1.9036	1
-149.943	26.7226	2.16375	0
136.525	-9.66394	1.42568	0
146.093	-3.89088	0.761886	0
124.12	-38.9968	1.41707	0
125.127	-48.4905	-1.8777	0
127.582	52.4774	-2.58147	0
121.374	58.5355	2.5162	0
153.754	24.8208	1.13659	0
150.086	15.2636	-2.84965	0
51.3912	-101.587	0.220416	0
64.1556	-106.301	-1.71765	0
154.977	6.79257	-0.770495	0
158.452	15.8486	2.59674	0
-127.068	-45.0434	-2.09855	0
-128.571	-55.3359	0.377312	0
-32.862	89.7897	-0.380452	0
-37.7403	106.323	2.84228	0
-79.4751	-102.194	2.40658	0
-127.066	-89.6541	2.14569	0
-117.518	-93.3375	1.97224	0
-127.937	-6.44767	1.91552	0
-122.485	-13.8975	-2.90448	0
78.4114	-113.248	2.93169	0
38.7952	107.793	-0.212419	0
32.1423	118.721	-1.60442	0
-112.263	-101.533	-0.354246	0
-102.936	-107.769	-2.47466	0
-98.1791	121.082	-1.50175	0
-89.4098	131.355	-2.02555	0
60.8998	-115.756	-1.71788	0
-64.055	-113.886	-2.32978	0
-61.4879	-123.67	-2.8517	0
16.9604	-115.134	-2.64351	0
6.94862	-119.954	0.175569	0
133.848	-49.8719	2.81701	0
129.494	-57.4442	-2.74921	0
137.243	44.8859	-0.270593	0
145.619	50.1198	-1.83515	0
137.413	54.6281	1.97895	0
146.037	40.7852	2.14866	0
155.649	-5.57582	-1.65727	0
148.995	-13.3827	-0.457026	0
-101.685	101.127	-0.794533	0
-108.417	93.5073	2.06749	0
-60.9085	128.751	0.569442	0
-69.0352	135.213	1.0822	0
-130.966	-35.8607	-1.40094	0
-136.903	-45.5588	-0.362029	0
-121.275	-37.8897	1.80876	0
109.995	-73.9307	-1.92603	0
118.058	-69.5329	2.59411	0
127.393	-69.37	-0.989507	0
118.395	-79.1863	0.00571162	0
46.084	87.6711	2.10908	0
51.879	79.0134	-0.0379734	0
-44.2593	126.306	-2.19904	0
-35.4312	121.61	-2.02452	0
107.385	-105.287	-1.93962	0
111.32	-89.7073	-2.43313	0
114.071	-98.9071	2.88723	0
-27.056	127.049	-1.50116	0
-35.9343	131.21	0.731856	0
-98.4564	132.626	2.04182	0
-91.0517	140.666	1.23013	0
136.366	-63.853	0.670996	0
-59.3204	-136.286	2.66684	0
-48.4002	-138.605	1.64691	0
-136.672	-67.1331	-1.67198	0
165.537	-4.36182	-0.785671	0
161.134	-12.5971	2.88263	1
-132.386	-15.1132	-2.20691	0
-124.868	-23.453	-1.16799	0
164.769	6.1076	1.13759	0
-125.284	91.6396	-1.14275	0
-116.653	96.5552	-2.97092	0
-70.9421	-121.488	-0.432443	0
-67.9148	-131.33	-2.67712	0
-158.655	22.6603	-0.592823	0
-147.902	17.1209	0.255451	0
-156.238	33.242	-2.06261	0
-114.975	-25.674	-2.36528	0
-46.1439	136.001	-0.634696	0
-140.421	76.1775	-2.16847	0
-150.626	60.8798	2.37138	0
-151.819	72.5195	0.419701	0
-22.5719	135.849	0.0632265	0
-137.021	-22.5304	2.6412	0
-138.114	-8.28769	2.33299	0
-142.324	-15.9826	-2.90442	0
110.864	78.9222	1.91605	0
102.29	82.5974	-2.51457	0
94.973	73.2372	2.23492	0
-106.714	124.53	2.40556	0
-103.857	113.267	1.08647	0
129.854	-26.1674	-0.839768	0
126.225	-10.45	-0.840031	0
24.6366	125.245	-0.559132	0
42.0314	120.111	-1.08106	0
35.7174	128.034	-0.906807	0
-80.5184	139.753	-1.93094	0
-113.637	113.438	-0.992588	0
-147.651	47.1163	-2.32747	0
-160	61.5355	-1.04875	0
-155.698	52.4384	0.634958	0
117.507	72.1776	-2.68861	0
161.642	30.7648	2.70098	1
152.609	34.1477	-2.28355	0
-71.4225	-107.011	-2.93078	0
14.1772	133.188	-2.30061	0
2.29588	135.352	0.0534444	0
-165.589	69.8209	-0.69976	0
-166.948	55.4965	2.85856	0
102.987	92.5731	-2.51457	0
93.3236	83.2244	1.86914	0
130.96	61.7587	-1.01713	1
-111.005	103.165	2.24202	0
-154.816	42.0997	2.52064	0
-120.936	104.209	2.76542	0
-83.8483	-109.768	-2.44169	0
26.591	-117.535	-1.42478	0
16.6115	-125.126	-2.81799	0
-6.20638	-119.265	0.938265	0
86.4966	-119.122	2.58247	0
75.1407	-122.234	0.00803471	0
-27.4938	-141.468	-0.135063	0
-18.3516	-134.463	1.92378	0
-35.763	141.024	-1.17645	0
-134.078	95.7402	1.27647	0
-133.725	86.5675	-2.87944	0
48.5329	105.545	-0.561639	1
41.3829	98.1353	-0.037895	0
-135.83	-88.5779	-2.54895	0
-125.66	-98.5314	-2.23795	0
119.25	84.3678	2.09057	0
-48.5572	-147.592	-2.73698	1
-40.2138	-144.338	1.99591	0
-144.038	95.9141	2.14803	0
-136.752	105.067	-1.14296	0
119.8	-89.7073	2.86607	0
-112.61	-111.472	-1.39975	0
-120.749	-106.237	2.06501	0
-163.448	46.599	-1.7842	0
10.3651	-132.84	-1.5993	0
24.5966	-131.143	-2.99246	0
-7.1221	138.413	-1.3385	0
1.61917	145.032	2.4727	0
126.28	90.9235	-0.666004	0
126.573	78.0019	-0.328853	0
115.024	93.4309	2.09062	1
-140.679	10.0521	1.16384	0
-146.965	83.7064	-1.47086	0
-133.21	3.05519	-0.816222	0
149.342	-23.3021	-1.67566	0
140.831	-18.8896	1.27946	0
50.8953	95.5863	-1.77459	0
-19.4836	145.354	-0.285993	0
142.776	61.7439	-2.56113	0
60.5856	94.5676	0.47492	0
9.70811	150.909	2.64722	0
-2.32077	153.11	-1.91095	0
9.59525	142.44	-2.97386	0
-140.677	-54.4501	-2.95042	0
-145.803	-41.2177	-1.75398	0
123.602	-101.108	0.807901	1
116.139	-108.635	1.842	0
174.717	6.62892	0.266091	0
168.196	15.0354	-1.78632	0
-126.056	-114.409	-0.184713	0
-130.711	-105.715	2.76262	0
-159.011	79.465	0.244951	0
-148.051	-7.41804	1.63548	0
66.8595	87.3502	-2.44873	0
62.4648	104.235	-1.2615	0
70.3797	96.2945	1.52025	0
24.2481	-141.124	-2.46906	0
34.3766	-130.973	-0.913309	0
172.227	-11.7923	-0.960421	0
146.645	-32.7046	0.403489	1
159.238	-21.9112	-1.32667	0
-0.192031	-127.247	1.28726	0
-11.4403	-127.641	-0.626022	0
-143.022	-29.682	-0.942411	0
-9.52168	147.369	2.40759	0
-163.501	87.9088	-2.6787	0
-168.858	79.2931	-1.49147	0
-154.911	88.2588	2.6642	0
37.7378	-99.3652	2.56161	1
-72.1776	145.169	-0.885615	0
-81.656	149.019	1.65276	0
-138.234	-77.7204	0.398966	0
-74.6579	154.891	-2.41479	1
-87.9827	156.045	-1.60285	1
-176.67	85.1798	0.587645	0
-176.866	73.8918	1.09675	0
4.2234	-140.701	-2.29708	0
14.402	-141.907	-0.380602	0
-59.1762	138.575	-0.128346	0
-157.909	97.4869	0.245046	0
125.788	-111.041	0.796769	0
115.446	-118.536	0.623361	0
127.457	-83.4118	0.180284	0
50.7173	-111.222	-2.36798	0
-14.5175	-142.324	-2.92425	0
-8.66126	-136.701	2.96911	0
137.053	-85.1038	2.42983	0
130.789	-92.5679	-2.06917	1
134.347	-76.522	-2.06944	0
-154.251	9.55475	-1.30884	0
-163.798	37.7187	2.86964	0
-39.6649	150.217	-0.653086	0
-29.3229	148.433	0.731644	0
-184.902	79.8335	-1.32066	0
-179.086	94.1974	-2.99623	0
-170.514	92.7814	2.6668	0
-185.571	89.1429	2.83716	0
135.628	-111.902	-0.767519	0
127.648	-120.606	-1.45268	0
-173.719	64.1278	-1.9184	0
-80.5728	-122.67	1.98678	0
-76.1967	-113.697	2.98779	0
143.049	-56.4318	0.147413	0
145.679	-67.428	-0.0265157	0
135.152	-34.6467	-1.01452	0
155.461	51.8552	-1.48611	0
-127.782	109.368	-2.38489	0
38.5713	-139.968	0.305426	0
42.1469	-124.681	-0.738737	1
-102.013	141.892	0.822908	1
-107.334	134.032	-2.34182	0
-58.6989	-145.174	-1.873	0
-67.7866	-141.373	1.10228	0
4.39778	-150.699	-2.29708	0
-2.96541	-145.369	2.85331	0
-7.07684	-152.786	-2.44581	0
-143.606	-93.6277	1.19714	1
-135.656	-98.5764	-2.54895	0
-144.96	-84.5128	-2.8979	0
-167.588	101.28	-1.71709	0
122.907	-128.496	2.45465	0
134.08	-127.749	1.30372	0
64.1067	113.546	1.99418	0
72.2448	106.313	-1.43598	0
162.068	58.6964	1.60409	0
157.483	43.0976	2.89762	0
153.22	61.5618	-2.35789	0
164.616	47.9691	-2.53162	0
158.519	70.041	-2.18337	0
148.379	70.296	-1.83453	0
-173.372	45.7307	-2.6557	0
-73.8048	-149.359	1.10205	0
-76.3112	-136.251	0.0567712	0
-49.2221	145.476	-1.5062	0
-22.456	-149.853	-2.21412	0
-32.1707	-150.264	0.736538	0
-95.0795	149.713	2.62187	0
40.1013	-149.629	2.38454	0
47.9738	-137.272	-1.77363	0
-176.811	53.9343	2.33525	0
134.247	84.92	-1.36352	0
131.501	98.6632	2.9177	0
122.458	99.9274	-2.74533	0
75.2461	81.9037	-2.44873	0
64.2693	78.3174	0.971467	1
35.7835	-113.633	-1.94809	0
28.3203	-108.638	2.8014	0
-142.435	-0.302174	-2.72425	0
138.647	-135.661	-2.76383	0
143.987	-126.708	0.432221	0
129.739	-136.65	2.69546	0
17.9673	149.452	-2.79933	0
15.5948	158.721	0.568164	0
4.87196	159.634	1.94971	0
-90.9096	-116.829	-1.91829	0
-34.0438	-159.9	-1.17176	0
179.253	-18.1191	2.29526	0
178.368	-3.93135	-1.65821	0
169.978	-21.5345	-1.13489	0
-63.4656	149.231	1.87076	0
-105.567	-117.176	2.82645	0
-115.769	-120.646	1.01947	0
143.235	-77.1436	2.47049	0
-142.122	112.458	2.92441	0
-146.676	104.894	-2.36187	0
152.612	-59.3557	0.147413	0
150.308	-49.6627	1.36615	0
26.4748	-150.055	1.43825	0
139.802	-43.706	-2.3333	0
33.3154	-156.215	-2.46925	0
23.2236	-159.498	0.914947	0
16.9623	-151.733	-1.14987	0
-117.785	122.335	-2.90089	0
-151.864	-16.6497	0.0193256	0
-195.131	90.1478	0.0805786	0
-188.431	98.497	0.757828	1
140.786	101.151	0.161125	0
130.879	107.551	-1.62238	1
49.1867	-150.584	-1.68276	0
42.9609	-158.983	0.305216	0
162.066	-57.173	-2.27201	0
158.538	-67.2207	-1.58901	0
-142.726	-105.646	-2.7237	0
-199.168	99.2152	1.29931	0
-198.68	80.9029	1.47231	0
-204.754	89.3059	2.6688	0
-10.1136	157.43	2.62898	0
-3.70721	162.975	-2.78273	0
153.745	-126.026	-1.64711	0
145.877	-116.987	-0.959727	0
148.984	-135.025	-1.98694	0
171.334	59.8342	-1.97978	1
166.717	67.44	2.99582	0
-130.183	118.999	-1.1662	0
166.813	39.5161	2.54868	0
-178.912	104.158	-2.12467	0
-104.87	-127.145	2.47723	0
81.4121	87.8581	2.70165	1
20.465	140.171	1.11959	0
-154.524	-82.6536	-0.648387	1
-148.046	-75.0153	-2.37454	0
-145.938	-63.3893	-2.0212	0
163.079	-126.189	1.93657	0
158.586	-117.291	-2.17069	0
159.15	-134.35	-2.86574	0
-136.461	126.751	-1.86371	0
-125.742	127.714	0.912958	0
176.388	69.6727	1.77718	1
166.047	77.0291	0.239243	1
41.0638	136.266	-2.81484	0
30.1254	136.324	-0.907034	0
178.412	15.3324	-2.98953	0
184.702	6.45441	0.789451	0
148.626	-83.5682	-2.97583	0
153.1	-75.7572	1.59871	0
-148.829	117.331	-2.66768	0
187.703	-7.51451	-1.83268	0
172.379	-125.375	-1.6473	0
168.229	-134.761	1.93657	0
167.767	-117.371	2.45993	1
163.026	-75.7574	2.8174	1
157.639	-84.6659	1.77328	0
71.6958	-131.208	-2.74828	0
82.4634	-128.6	-2.41139	0
65.7683	-124.571	2.59626	1
-151.647	-109.997	-1.50497	0
-143.159	-113.925	2.86824	0
-151.015	-100.055	-2.54913	0
79.6247	97.5937	-2.06337	0
-96.4667	-131.997	0.0580756	0
-106.941	-136.889	1.60573	0
-113.344	-129.898	-2.06285	0
72.0121	-140.266	1.47793	1
62.8109	-134.442	0.507434	0
42.5806	-108.129	2.90003	0
-155.9	-64.0859	-1.49779	0
-149.102	-55.1463	2.67351	1
-165.765	-65.4724	-2.3693	0
-161.77	-56.0068	-2.0211	0
-159.32	-73.4828	-1.49779	0
150.33	-93.2354	-1.06774	0
105.757	-116.12	1.14677	0
111.541	-127.736	0.274141	0
-186.717	70.4977	1.76954	0
138.305	70.5186	-0.824649	0
33.6365	-165.414	1.43807	0
146.839	80.0228	-0.0980099	0
-9.27379	169.609	2.21729	1
1.84935	169.837	1.91199	0
-171.262	31.4556	0.620187	0
148.462	-144.998	-2.51052	0
193.698	-15.4706	-2.70446	0
196.263	-2.37126	-1.30928	0
101.731	-126.006	-0.597638	0
112.546	-137.296	-2.48217	0
56.2863	-144.835	2.38463	0
55.7317	-157.854	0.396361	0
166.697	-88.8897	1.42406	0
158.978	-144.251	-1.47401	0
142.548	-104.736	-1.63902	0
133.674	-102.71	2.65268	0
-152.585	-26.7581	-0.942361	0
-88.5038	-126.479	-2.96379	0
-114.993	130.115	2.92892	1
-175.455	-64.4538	-0.119788	1
-170.664	-73.6245	0.720872	0
15.1642	-165.353	1.7865	0
24.2588	-169.346	-0.476728	0
63.4098	-151.855	-1.85336	0
56.2498	-167.743	1.78809	0
64.7196	-162.237	0.39641	0
-183.283	46.9478	-2.13234	0
-178.756	38.8386	2.19241	0
95.1967	98.0283	0.57563	0
106.705	101.776	-1.29583	0
-185.362	59.0723	1.63774	0
-156.352	-117.828	2.56242	1
-161.639	-109.648	-1.33044	0
158.111	-43.566	2.75788	0
-17.8452	-158.171	0.876079	0
154.352	-108.61	0.417501	1
164.025	-108.916	-2.694	0
73.2326	-150.299	-2.89859	0
-207.995	102.604	-1.9563	1
-199.342	109.208	0.950094	0
22.3995	-178.911	1.77278	0
31.8336	-175.264	2.27968	0
25.4876	-188.416	1.42356	0
13.2079	-182.256	-0.306274	0
176.478	-90.2643	-0.140224	1
160.46	-96.3226	-0.995094	1
172.145	-80.8118	-0.825387	0
170.115	-98.2809	1.77311	0
167.506	-147.525	2.59338	0
154.936	-152.918	1.4497	0
85.8142	104.003	2.47654	0
74.68	-161.366	0.22166	0
67.9436	-171.6	-0.995265	0
-91.4857	-140.624	0.929677	0
51.8758	-128.08	-2.29721	0
95.002	-113.537	-1.54159	0
170.791	-52.3367	-1.57445	0
169.11	-64.2173	-1.40046	0
-130.981	-122.606	2.73904	0
-112.109	141.98	1.40424	1
10.1856	166.685	-2.74518	0
77.1473	-171.44	2.91207	0
69.7582	-180.936	2.09491	1
60.2942	-177.158	2.26045	1
-162.157	-99.7592	-2.72212	0
-170.321	-114.072	0.919067	0
71.0949	71.8965	-2.95985	0
-164.554	-81.8589	0.0665894	0
-176.548	112.982	1.9427	0
-186.688	109.208	1.6214	0
-50.8433	154.67	2.07748	1
-20.0017	155.243	-1.67767	1
23.489	-197.818	-1.33275	1
34.6791	-191.761	-0.655764	0
16.1035	-191.831	1.94692	0
50.1257	-119.682	2.93123	1
140.21	-95.1919	1.7809	0
-203.83	72.3325	1.64683	0
-207.814	80.7434	-2.59499	0
-214.263	89.1399	-0.421304	0
-155.936	-47.977	-0.802367	0
-171.403	-53.9592	-0.284621	1
-193.686	63.8788	-1.11857	0
-193.143	53.2084	-0.611713	0
-173.563	22.2275	-2.46992	1
-180.871	29.06	-0.771762	1
-206.862	115.517	-0.958208	1
-196.774	118.795	-0.268818	0
82.6227	-155.381	-0.82357	1
83.3471	-165.407	-2.70199	0
47.2673	-172.124	1.43887	0
-158.246	107.14	-2.34335	0
-152.731	126.523	-2.14427	1
-158.088	116.846	1.07839	0
-82.3921	-144.034	-1.50779	0
-166.643	111.605	0.746821	1
-103.022	-145.293	-2.14027	0
-114.346	-142.675	-1.81441	0
177.831	-102.736	-2.76673	0
-202.335	58.8857	-0.595214	0
-122.187	-128.813	2.47705	0
-138.3	-129.195	1.00261	0
-185.297	119.109	1.44665	0
-147.813	-131.744	2.73909	0
-131.674	-136.555	2.39434	0
-141.195	-138.665	-0.389336	0
-145.603	-123.282	-2.41752	0
-153.731	-139.319	-0.0174829	0
-156.501	-127.876	-0.351012	0
48.1881	127.991	-1.08101	0
51.0056	117.537	2.50265	1
180.336	-75.077	-0.999861	0
-142.011	134.98	-0.644972	0
-131.977	135.552	-0.299362	1
-165.41	-132.415	-0.525762	0
-164.665	-122.369	-2.08771	0
176.116	36.4933	0.46935	0
174.002	46.4584	2.89772	0
-91.4859	-150.187	-1.99424	0
92.5833	111.262	1.25763	0
82.755	112.888	-0.943599	0
-165.967	123.001	0.903637	1
143.019	-153.379	-2.16153	0
139.553	-144.842	2.02938	0
-160.174	-39.6586	2.78134	0
51.0479	137.345	0.99811	0
58.0758	126.776	-0.209406	1
142.348	90.1808	1.22467	0
10.6184	-199.665	-0.976731	0
7.0676	-190.074	-1.96032	1
-213.804	73.03	1.47208	0
87.3909	120.918	2.80247	0
74.9153	118.796	0.964491	0
-157.687	-4.83612	0.937695	0
43.72	-187.545	-1.35355	0
36.9282	-201.503	-0.481192	0
-82.2178	-154.018	-2.0311	0
-174.326	-124.422	-0.523363	0
-190.881	127.388	0.923338	1
-180.334	127.705	2.66534	0
185.262	-96.0457	-2.59216	1
181.107	-110.845	2.08136	0
-161.361	-19.7356	0.542731	0
-169.635	-141.477	-0.700236	0
23.475	164.877	0.568214	1
24.3887	154.62	2.98742	0
-122.341	137.059	1.95829	0
-123.824	-142.688	1.52284	0
-133.857	-146.009	-0.0248148	0
163.9	-35.5988	1.02146	0
205.309	-1.0999	2.75811	0
198.774	7.00108	1.10994	0
201.547	-10.5088	1.10998	0
-155.931	-148.85	2.06163	0
-147.299	-146.463	-2.77406	1
-17.6594	163.99	2.80355	0
-139.155	-154.488	-0.199289	0
-127.301	-153.039	2.73156	0
178.106	-60.5825	1.01876	0
10.4437	-209.662	-1.15148	0
0.711024	-198.798	-2.02224	0
-62.945	159.163	0.825529	0
-178.822	-144.462	1.88799	1
-165.41	-150.538	-0.87471	0
-176.827	-134.531	-0.525712	1
-59.7214	-154.902	0.206116	0
186.958	-64.8996	-0.71766	1
184.694	-53.5182	-1.56963	1
180.159	54.3385	2.89772	0
183.072	44.5305	-0.848536	0
81.7025	-180.007	0.492913	0
214.512	0.0300399	-0.988143	0
208.721	8.27412	2.06033	1
211.465	-8.97881	2.93269	0
-41.9503	-154.186	1.99596	0
-58.7117	-164.509	2.79434	0
-68.8221	-158.954	-0.665663	1
-51.0849	-159.494	-1.87294	1
-21.1771	173.154	0.89552	0
-27.632	164.512	2.27997	0
102.448	112.125	2.6494	0
96.7283	119.76	-1.99799	0
-122.51	146.761	-0.460872	0
119.057	109.273	-1.7	0
-18.4275	182.743	0.197732	1
-30.7856	175.55	-0.496428	0
-194.699	43.3857	0.433615	1
190.056	54.684	1.50605	0
184.224	63.4684	2.5485	1
27.625	146.864	-2.62481	0
91.6645	-180.007	-0.378866	0
83.606	-189.799	-0.204598	1
36.2043	143.831	1.68119	0
40.0731	-177.627	-2.87087	0
196.36	-24.7556	-0.116237	1
186.751	-22.6639	-2.70469	1
188.851	15.3509	2.69758	0
89.9825	128.894	-2.64409	0
79.845	127.478	2.97704	1
46.4748	-197.152	-1.7025	1
52.9126	-184.909	1.57017	1
164.795	-156.392	-1.15288	1
177.017	-144.617	1.54815	0
174.577	-154.596	2.59315	0
176.116	26.5906	1.86112	0
184.492	31.2592	-1.09521	1
197.094	18.5151	-1.99707	0
191.27	25.0524	2.87215	0
-163.374	13.6166	-1.83242	0
-162.139	3.61078	-2.8734	0
100.541	-175.484	-1.25064	0
94.9182	-189.456	-0.0298234	1
91.4968	-170.396	2.37754	0
191.711	39.5425	-1.54632	1
0.804695	179.776	1.56277	1
10.0397	175.572	2.08656	0
-42.2981	-164.142	2.86751	0
-62.2037	-173.605	0.54462	0
-50.7851	-170.482	1.57543	0
-36.8162	159.535	1.59642	0
147.552	-162.277	-2.68511	0
133.815	-153.218	1.74581	0
137.573	-161.765	-1.98695	1
189.119	-116.666	0.689416	0
188.654	-104.286	2.25594	0
180.239	-120.769	2.95297	0
-147.303	143.449	-1.16828	0
-137.797	143.62	2.11143	0
-151.345	135.143	2.93871	1
-172.463	10.4871	0.923955	1
95.1568	-162.547	-2.62263	1
-7.57072	-194.016	0.901512	0
-5.53535	-206.511	-0.803543	1
-57.1751	167.105	2.73366	0
-68.5754	167.204	-1.08277	0
91.9396	-127.504	2.93151	1
-102.22	-154.463	1.76704	1
-137.968	153.434	0.203132	0
-27.8883	-167.779	-1.34651	1
10.7363	185.534	1.56298	1
18.478	177.52	-2.91337	0
123.132	-143.491	-0.394651	0
-223.608	92.5414	-1.46681	0
-221.9	83.3848	2.50241	1
-216.097	98.5759	2.33507	1
208.257	-17.4571	-1.47815	1
44.4152	147.835	-2.38611	1
36.0299	153.828	1.85576	1
-201.286	127.282	2.48759	0
-183.984	-121.834	-0.698114	1
222.165	-6.16768	-2.72484	0
223.875	3.25404	0.403588	0
-179.787	-111.357	2.65555	0
-171.699	-104.266	-0.472882	0
173.331	-42.855	0.333679	1
198.8	49.8365	1.68057	0
197.329	61.4666	0.460815	0
-62.8709	175.351	-0.0374461	1
-77.7094	171.271	-1.25752	0
156.326	83.1055	0.599555	1
-103.596	153.684	-0.79853	1
-96.4704	159.609	2.97086	0
-173.2	-155.793	2.54549	1
-161.664	-159.81	-0.874937	0
178.117	-133.547	2.80817	0
186.978	-129.032	1.76267	0
184.978	-138.531	-2.49118	0
80.9934	-144.014	-2.37523	1
229.57	-10.9766	1.9699	0
220.791	-15.9484	-1.16045	1
231.436	-2.42225	-2.89931	1
-166.619	-7.06295	-2.9698	1
-169.207	-36.3709	0.0247622	0
-165.864	-45.551	-2.95458	1
-161.393	-29.7332	2.78134	1
-177.65	-31.8812	-2.89889	0
-176.808	-42.5265	-2.05457	0
-171.041	-26.9349	2.78117	0
-173.791	-85.5907	-0.804914	1
-160.203	-90.7798	1.28532	0
-150.347	-157.129	1.53805	1
-138.839	163.39	0.552127	1
-128.456	155.112	-2.38526	1
-147.035	157.471	-1.01578	0
-94.0679	-159.823	-2.69203	1
-183.025	-101.954	1.61004	1
-189.707	-111.011	1.43691	1
238.964	-12.4645	-1.12047	1
230.094	-20.9613	1.79542	1
200.21	28.1306	-0.383728	0
61.0099	137.345	1.86971	1
56.1483	145.833	-0.393565	0
-165.549	-168.965	-1.92017	0
-155.508	-167.689	-0.700413	0
-47.3768	-179.361	-1.51468	1
-208.284	133.154	-1.57996	0
-198.01	135.392	-2.36044	1
-210.74	124.027	2.66211	1
13.0284	-219.308	-0.628076	1
20.3829	-210.706	-1.50043	1
2.79374	-216.081	-1.67507	0
-84.4258	178.473	0.478958	0
-85.1335	166.073	2.96866	1
-73.2198	179.714	1.66619	1
151.675	93.5755	2.44341	1
-176.059	-95.3269	-1.51839	1
25.4578	184.26	-0.494117	0
27.5364	174.042	-0.494151	1
4.00423	-178.349	-0.481024	0
189.57	-147.168	-0.412067	1
194.902	-138.705	-1.27249	1
-182.363	135.842	-2.78121	0
-171.855	133.003	2.49059	1
3.18804	-160.551	-1.07839	1
-186.27	145.046	-2.60669	0
-176.913	143.343	0.964851	1
-151.283	-176.751	-0.525841	1
-145.901	-167.354	2.05596	0
150.398	103.907	0.161174	0
143.018	110.822	1.37986	1
206.726	61.4665	-2.95932	0
198.362	71.2893	-1.10374	1
31.1428	-208.908	2.93901	1
43.5372	-208.843	1.08319	1
-183.131	-25.7936	2.83688	0
-184.949	-36.9918	1.64103	1
-170.715	-17.7472	-2.38092	1
-154.015	150.731	1.40344	1
-154.54	163.127	2.40445	1
-183.369	-50.0735	-2.05457	0
206.169	36.0392	1.00804	0
209.446	24.3987	0.48783	1
-215.789	138.81	1.84024	0
-207.413	143.116	-1.57992	1
-217.505	129.429	-2.62547	1
-119.141	156.015	1.27561	1
86.9574	-136.384	1.97234	1
-141.054	-176.099	1.88121	1
-136.483	-166.03	-1.03415	0
119.67	-152.509	2.19354	0
208.738	45.6265	-0.210594	1
215.911	38.2884	0.833294	1
-126.78	-168.449	-1.0341	1
196.94	-128.16	1.76267	1
-39.5924	-173.578	0.959483	1
69.4824	127.162	0.266979	1
189.292	-77.4769	2.74621	1
184.025	-84.208	-2.73656	1
126.675	-160.113	0.527173	1
-71.3401	-177.483	-0.674017	1
-57.0566	-182.172	0.1954	1
198.659	-118.177	-1.89898	1
-16.3454	-189.545	2.63799	1
-7.91936	-184.028	1.25055	0
-14.8843	-200.836	0.901561	1
-47.7573	165.444	-0.189998	1
-51.4393	175.296	2.73343	1
-227.515	101.746	-1.46704	1
-233.431	93.574	0.0975756	0
214.665	65.5116	1.5806	1
214.387	55.0385	-2.95955	1
156.671	-162.76	1.7987	1
-11.0766	-165.18	-1.37337	1
110.238	-177.902	-1.59986	0
104.059	-166.32	0.657483	0
103.537	-184.188	2.65667	1
-207.094	50.3003	-2.50352	1
-211.377	61.9992	2.3285	1
111.256	-147.453	0.285238	1
115.265	-161.154	-0.225886	1
19.9003	191.91	2.76159	1
35.0802	181.682	0.377441	1
32.2767	191.321	-2.40242	1
-38.7547	180.925	2.25998	1
-39.1027	170.553	1.92279	1
-28.6716	184.706	2.9238	1
177.004	-27.8614	2.12079	1
103.041	-136.964	0.608029	1
115.164	118.443	-2.57178	1
125.344	116.766	0.379113	0
224.389	13.0568	2.31172	1
232.74	7.38787	2.48271	1
-16.3048	-178.583	1.0758	1
-6.0184	-174.249	0.37905	1
-5.31551	-221.55	0.404052	1
4.37996	-225.077	2.3923	1
-96.0082	168.427	-1.72379	1
-104.457	165.628	2.97091	0
-192.044	-28.3493	-0.909116	1
-180.976	-17.1483	-1.7032	1
-190.176	-18.7494	1.96511	1
-180.542	-74.3152	-0.671077	1
172.167	-164.262	1.72137	1
184.256	-157.01	1.89536	1
-84.2261	-163.467	0.557127	1
-157.055	141.729	-2.56023	1
-170.194	0.679097	2.277	1
105.483	122.605	1.90934	0
-240.25	86.2617	-0.0771745	1
-242.846	95.9214	2.51679	1
-230.795	84.3814	-2.82608	0
-196.157	146.26	-1.73513	1
-188.745	154.283	0.317027	0
-179.327	152.235	-2.95591	1
65.8076	145.833	-2.98169	1
53.1257	155.136	-2.47289	1
61.8719	153.428	2.69661	1
-188.577	-58.0938	0.869183	0
-191.687	-47.3708	2.79353	1
197.636	-99.9047	2.60493	1
196.3	-108.352	-2.74423	1
-220.283	146.593	-2.54366	1
-225.259	137.479	-1.08342	1
112.904	129.287	2.4327	1
102.065	131.996	1.5604	1
-232.381	75.3848	1.24131	1
157.09	111.339	0.161223	1
159.994	101.692	1.89769	1
86.8056	136.757	2.65511	0
-220.614	65.7265	0.948776	1
-222.627	74.7452	-2.91156	1
142.636	-169.299	2.46529	1
151.597	-171.363	-1.63978	1
103.014	-156.376	0.483009	1
-174.952	-171.661	0.15895	1
-165.203	-178.884	-0.701432	1
-115.511	-152.167	1.10934	1
-198.441	-59.6559	1.39254	1
-188.749	-67.9403	-0.867513	1
90.9117	144.479	-2.19316	1
78.9303	142.91	2.30589	1
-198.09	157.684	-0.728478	1
-182.932	161.997	2.90522	1
122.148	126.047	-1.52919	1
135.002	116.597	2.9673	1
-122.312	-159.66	-2.8603	1
-85.2926	188.381	1.52424	1
-93.6466	182.013	-1.08533	1
112.825	-187.56	-1.42529	1
119.04	-180.594	2.30747	1
117.659	-171.22	-1.07646	1
-187.222	37.4978	-2.95814	1
-109.694	172.836	-1.56917	1
-111.164	161.104	-2.90687	1
